kepid,kepler_name,period,t0,duration_hrs,disposition,depth_ppm,duration_days
10797460,Kepler-227 b,9.48803557,170.53875,2.9575,CONFIRMED,615.8,0.12322916666666667
10797460,Kepler-227 c,54.4183827,162.51384,4.507,CONFIRMED,874.8,0.18779166666666666
10811496,,19.89913995,175.850252,1.7822,CANDIDATE,10829.0,0.07425833333333333
10848459,,1.736952453,170.307565,2.40641,FALSE POSITIVE,8079.2,0.10026708333333334
10854555,Kepler-664 b,2.525591777,171.59555,1.6545,CONFIRMED,603.3,0.0689375
10872983,Kepler-228 d,11.09432054,171.20116,4.5945,CONFIRMED,1517.5,0.1914375
10872983,Kepler-228 c,4.13443512,172.97937,3.1402,CONFIRMED,686.0,0.13084166666666666
10872983,Kepler-228 b,2.56658897,179.55437,2.429,CONFIRMED,226.5,0.10120833333333333
6721123,,7.36178958,132.25053,5.022,FALSE POSITIVE,233.7,0.20925000000000002
10910878,Kepler-229 c,16.06864674,173.621937,3.5347,CONFIRMED,4914.3,0.14727916666666666
11446443,Kepler-1 b,2.470613377,122.763305,1.74319,CONFIRMED,14230.9,0.07263291666666667
10666592,Kepler-2 b,2.204735417,121.3585417,3.88864,CONFIRMED,6674.7,0.16202666666666668
6922244,Kepler-8 b,3.522498429,121.1194228,3.19843,CONFIRMED,9145.7,0.13326791666666668
10984090,Kepler-466 c,3.709214104,133.98318,2.6302,CONFIRMED,131.1,0.10959166666666666
10419211,,11.521446064,170.839688,3.6399,FALSE POSITIVE,17984.3,0.1516625
10464078,,19.40393776,172.484253,12.2155,FALSE POSITIVE,8918.7,0.5089791666666666
10480982,,19.221388942,184.5521637,4.79843,FALSE POSITIVE,74284.0,0.19993458333333333
10485250,,16.46983774,180.881761,9.4378,FALSE POSITIVE,10478.9,0.39324166666666666
10526549,Kepler-660 b,9.27358173,173.258155,3.2875,CONFIRMED,1288.3,0.13697916666666668
10583066,Kepler-661 b,6.02930329,171.602959,1.5821,CONFIRMED,1912.7,0.06592083333333333
10583180,,2.696370652,170.73769,3.6129,FALSE POSITIVE,397.9,0.1505375
10601284,Kepler-226 c,5.349553819,171.80694,3.0278,CONFIRMED,831.0,0.12615833333333334
10601284,Kepler-226 b,3.94105221,136.08662,2.5984,CONFIRMED,363.3,0.10826666666666666
10601284,Kepler-226 d,8.10904807,132.8031,3.596,CONFIRMED,217.4,0.14983333333333335
2306756,,386.6030528,166.342079,6.8057,FALSE POSITIVE,24926.6,0.2835708333333333
10662202,Kepler-662 b,21.67699193,171.53594,3.4555,CONFIRMED,857.2,0.14397916666666666
10682541,Kepler-663 b,4.99677968,171.74208,2.1717,CONFIRMED,934.7,0.0904875
11460018,Kepler-671 b,4.280963604,171.89659,2.875,CONFIRMED,750.8,0.11979166666666667
11463211,,1.50635409,170.998064,1.5155,FALSE POSITIVE,2211.7,0.06314583333333333
11465813,,670.645531,209.04355,53.412,FALSE POSITIVE,18090.6,2.2255
11493732,,61.2563628,173.83826,7.633,FALSE POSITIVE,5123.3,0.31804166666666667
11507101,Kepler-672 b,38.3775486,172.82048,5.588,CONFIRMED,724.2,0.23283333333333334
10910878,Kepler-229 d,41.19725502,165.00404,4.6297,CONFIRMED,2213.9,0.19290416666666665
10910878,Kepler-229 b,6.252962249,171.30126,2.5819,CONFIRMED,1036.9,0.10757916666666667
10987985,Kepler-665 b,16.01308419,176.3608,3.2554,CONFIRMED,1121.9,0.13564166666666666
11018648,Kepler-230 b,32.62876672,194.1019,4.7971,CONFIRMED,1804.8,0.1998791666666667
11018648,Kepler-230 c,91.7732862,193.8378,6.473,CONFIRMED,652.0,0.2697083333333333
11138155,Kepler-1976 b,4.959319244,172.2585292,2.22739,CONFIRMED,9802.0,0.09280791666666667
11152159,,2.701287801,170.69579,3.3827,FALSE POSITIVE,860.4,0.14094583333333333
11153539,Kepler-666 b,4.49876511,171.34905,3.7362,CONFIRMED,460.0,0.155675
11242721,,19.651209505,179.401981,5.2514,FALSE POSITIVE,11766.3,0.21880833333333335
9579641,Kepler-105 b,5.412203927,133.143089,2.9472,CONFIRMED,601.6,0.1228
11304958,Kepler-667 b,41.43958662,208.93203,10.5989,CONFIRMED,2793.1,0.44162083333333335
11391957,Kepler-668 b,8.35389523,171.63257,2.2514,CONFIRMED,1041.6,0.09380833333333333
11403044,Kepler-669 b,4.125543472,169.752585,3.1744,CONFIRMED,1487.3,0.13226666666666667
11414511,Kepler-670 b,2.816504904,170.9676846,2.50587,CONFIRMED,16813.7,0.10441125
11442465,,33.93373447,186.67608,14.561,FALSE POSITIVE,8503.7,0.6067083333333333
12110942,Kepler-680 b,3.689920099,170.36571,2.6557,CONFIRMED,426.7,0.11065416666666666
12366084,Kepler-232 b,4.431238488,171.015,3.15,CONFIRMED,1010.9,0.13125
12366084,Kepler-232 c,11.37936986,133.84992,2.6255,CONFIRMED,1023.5,0.10939583333333334
12404086,Kepler-681 b,26.39432897,176.05459,3.573,CONFIRMED,1510.9,0.148875
8395660,Kepler-106 c,13.57078281,136.279194,3.3539,CONFIRMED,511.7,0.13974583333333332
9579641,Kepler-105 c,7.12594387,139.00492,3.0014,CONFIRMED,192.4,0.12505833333333333
11656840,,7.442652004,169.9717797,2.3078,FALSE POSITIVE,24446.2,0.09615833333333333
11754553,Kepler-52 c,16.38489988,172.72782,3.0249,CONFIRMED,1127.1,0.1260375
11754553,Kepler-52 b,7.8774163,176.3759,2.0805,CONFIRMED,1306.1,0.08668749999999999
11754553,Kepler-52 d,36.4454001,151.60125,4.007,CONFIRMED,1122.3,0.16695833333333332
11812062,Kepler-673 b,3.728732147,171.793255,2.683,CONFIRMED,5226.5,0.11179166666666666
11818800,,40.4195037,173.56469,3.362,CANDIDATE,6256.0,0.14008333333333334
11853255,Kepler-674 b,2.243380573,170.679233,1.1196,CONFIRMED,821.7,0.04665
11909839,,10.405998015,177.197466,6.5036,FALSE POSITIVE,14488.8,0.2709833333333333
11918099,Kepler-675 b,2.337437946,171.761982,1.9982,CONFIRMED,971.2,0.08325833333333334
11918099,,7.2406612,137.75545,0.558,CANDIDATE,556.4,0.023250000000000003
9579641,,3.43591631,132.6624,3.133,CANDIDATE,23.2,0.13054166666666667
11923270,Kepler-676 b,11.59822233,180.395376,2.5237,CONFIRMED,2804.5,0.10515416666666666
11960862,Kepler-677 b,6.575315881,173.634044,4.3084,CONFIRMED,2793.3,0.17951666666666666
12020329,Kepler-678 b,7.275040844,169.994217,7.5377,CONFIRMED,3001.0,0.31407083333333335
12066335,Kepler-231 c,19.27153892,186.77093,2.7594,CONFIRMED,1219.8,0.114975
12066335,Kepler-231 b,10.06524317,136.28906,1.369,CONFIRMED,1053.3,0.057041666666666664
12070811,Kepler-679 b,12.3935651,178.74725,3.8896,CONFIRMED,916.6,0.16206666666666666
8395660,Kepler-106 e,43.84439721,151.93538,6.802,CONFIRMED,615.2,0.28341666666666665
3120431,,3.341913228,171.63943,3.813,FALSE POSITIVE,725.3,0.15887500000000002
3246984,,1.626630225,169.820171,2.1145,FALSE POSITIVE,1620.6,0.08810416666666666
3342970,Kepler-234 b,2.711504086,170.03417,3.0099,CONFIRMED,837.5,0.1254125
3342970,Kepler-234 c,7.21203748,172.81782,4.0491,CONFIRMED,950.4,0.16871250000000002
12459725,,14.1798187,171.50237,2.505,FALSE POSITIVE,459.9,0.104375
12470844,Kepler-233 b,8.47237911,174.16212,2.7245,CONFIRMED,1123.5,0.11352083333333333
12470844,Kepler-233 c,60.4189369,181.16367,5.039,CONFIRMED,931.3,0.20995833333333333
12644822,Kepler-682 b,12.611904345,180.892284,5.1497,CONFIRMED,6105.6,0.21457083333333335
2440757,,1.433769925,170.403536,1.8868,FALSE POSITIVE,1976.3,0.07861666666666667
2445129,,10.31872301,173.31543,3.836,FALSE POSITIVE,871.7,0.15983333333333333
2713049,Kepler-683 b,2.539183147,169.67494,2.4282,CONFIRMED,382.1,0.101175
3114167,Kepler-684 b,6.770300385,170.57662,2.0844,CONFIRMED,1304.0,0.08685
3114661,,0.444291966,169.865406,2.0792,FALSE POSITIVE,10967.4,0.08663333333333334
3115833,,10.181584004,177.141891,3.5089,CANDIDATE,5741.1,0.14620416666666666
4139816,Kepler-235 d,20.06036336,147.46554,3.3203,CONFIRMED,1494.7,0.13834583333333333
4139816,Kepler-235 e,46.1842039,165.23729,4.758,CONFIRMED,1394.7,0.19825
8395660,Kepler-106 d,23.9800854,147.537,5.351,CONFIRMED,104.0,0.22295833333333334
4139816,Kepler-235 c,7.82502168,136.54995,2.186,CONFIRMED,520.8,0.09108333333333334
4275191,Kepler-688 b,3.895936525,170.527552,2.3111,CONFIRMED,8544.8,0.09629583333333334
4476123,Kepler-689 b,22.36646466,175.45862,5.228,CONFIRMED,986.8,0.21783333333333332
3351888,Kepler-685 b,1.625522174,170.8266564,2.38963,CONFIRMED,7969.0,0.09956791666666666
3453214,,19.620346923,181.881819,2.0038,CANDIDATE,21724.6,0.08349166666666667
3554600,,7.544039,171.7982,6.222,FALSE POSITIVE,322.6,0.25925000000000004
3641726,Kepler-1727 b,9.02930689,177.20422,3.1449,CONFIRMED,1019.8,0.1310375
3734868,,10.328035714,174.581054,7.7915,FALSE POSITIVE,16917.7,0.32464583333333336
3832474,Kepler-30 d,143.2063047,154.23552,8.9302,CONFIRMED,10565.7,0.37209166666666665
8395660,Kepler-106 b,6.164876,135.63916,3.262,CONFIRMED,55.8,0.13591666666666666
3832474,Kepler-30 c,60.32494216,243.892578,6.6188,CONFIRMED,20280.4,0.2757833333333333
3832474,Kepler-30 b,29.1598615,150.69922,4.803,CONFIRMED,488.0,0.200125
3836375,,1.540397253,170.50479,2.1541,FALSE POSITIVE,816.1,0.08975416666666668
3838486,,2.99025443,171.9834,5.414,FALSE POSITIVE,589.2,0.22558333333333333
3935914,Kepler-686 b,1.594745374,170.6483505,1.9604,CONFIRMED,15044.5,0.08168333333333333
3940418,Kepler-1728 b,4.783002698,170.508434,2.335,CONFIRMED,1008.7,0.09729166666666667
4049131,Kepler-687 b,20.50588921,181.43428,4.0595,CONFIRMED,2105.5,0.16914583333333333
4139816,Kepler-235 b,3.340218842,171.979062,1.9104,CONFIRMED,1632.6,0.0796
5287983,,2.507089906,171.002455,2.0067,FALSE POSITIVE,1339.2,0.08361249999999999
5358241,Kepler-53 b,18.64932728,174.771,4.4056,CONFIRMED,893.6,0.18356666666666666
10875245,Kepler-107 c,4.90144976,138.60548,4.1654,CONFIRMED,140.7,0.17355833333333334
5358241,Kepler-53 d,9.75192101,138.78608,4.793,CONFIRMED,418.0,0.19970833333333335
5358241,Kepler-53 c,38.5576546,163.85063,5.794,CONFIRMED,993.0,0.24141666666666664
5358624,Kepler-428 b,3.525632539,170.0479951,2.59959,CONFIRMED,22335.0,0.10831625
4544670,,34.84398644,172.633252,2.9315,CANDIDATE,4523.6,0.12214583333333334
4664847,Kepler-690 b,7.748094239,174.997206,3.5957,CONFIRMED,2472.1,0.14982083333333332
4725681,Kepler-236 c,23.96793669,186.22182,3.827,CONFIRMED,1182.3,0.15945833333333334
4725681,Kepler-236 b,8.29561738,135.79284,1.3421,CONFIRMED,824.3,0.055920833333333336
4913852,Kepler-691 b,8.11437482,176.33968,2.2736,CONFIRMED,1558.0,0.09473333333333334
4932348,,38.036729482,196.934947,4.34617,FALSE POSITIVE,82871.6,0.18109041666666667
4936180,,4.64090031,173.64638,35.512,CANDIDATE,2450.6,1.4796666666666667
11913073,,3.747838198,171.66504,5.0642,FALSE POSITIVE,616.0,0.21100833333333333
10875245,Kepler-107 e,14.74914825,138.77799,6.0995,CONFIRMED,430.2,0.25414583333333335
5021899,Kepler-692 b,21.81295996,174.01085,4.3791,CONFIRMED,1175.4,0.1824625
5077629,,7.91936937,172.181092,3.3148,FALSE POSITIVE,15148.1,0.13811666666666667
5115978,,1.028436523,170.228582,1.8606,CANDIDATE,8098.0,0.077525
5164255,Kepler-693 b,15.37562369,173.61402,3.3169,CONFIRMED,15337.0,0.13820416666666666
5252423,Kepler-237 c,8.10363271,176.9486,3.161,CONFIRMED,887.9,0.13170833333333334
5252423,Kepler-237 b,4.71510843,134.96178,2.506,CONFIRMED,417.5,0.10441666666666666
5272878,Kepler-694 b,6.365839713,171.13575,2.9721,CONFIRMED,780.7,0.1238375
5283542,,5.97581754,174.77602,3.065,FALSE POSITIVE,962.4,0.12770833333333334
5649215,,2.446737317,170.66951,4.7211,FALSE POSITIVE,1177.9,0.19671249999999998
5651104,Kepler-695 b,3.04033046,169.9490106,1.8411,CONFIRMED,10858.8,0.0767125
5792202,Kepler-27 b,15.33528675,174.00278,3.897,CONFIRMED,3081.4,0.162375
10875245,Kepler-107 d,7.95825328,137.80219,4.377,CONFIRMED,50.0,0.18237499999999998
5792202,Kepler-27 c,31.33046135,153.43031,5.176,CONFIRMED,5073.8,0.21566666666666667
5370302,,3.9043425,173.393734,3.831,FALSE POSITIVE,16228.4,0.159625
5372966,,9.286358079,171.8214689,3.49949,FALSE POSITIVE,44791.4,0.14581208333333334
5376067,,3.951405455,173.276125,2.1862,FALSE POSITIVE,2453.9,0.09109166666666667
5436502,Kepler-238 e,23.65369415,171.376107,8.2183,CONFIRMED,3341.8,0.3424291666666666
5436502,Kepler-238 d,13.23352214,140.32196,6.7372,CONFIRMED,504.6,0.28071666666666667
5436502,Kepler-238 c,6.15560285,134.81656,4.9843,CONFIRMED,285.0,0.20767916666666666
5436502,Kepler-238 b,2.090811305,134.17462,3.388,CONFIRMED,115.9,0.14116666666666666
10875245,Kepler-107 b,3.180027898,133.49863,3.5797,CONFIRMED,120.3,0.14915416666666667
5436502,Kepler-238 f,50.4467417,178.5014,7.159,CONFIRMED,370.3,0.2982916666666667
5456651,Kepler-239 b,11.76307164,180.93613,2.9076,CONFIRMED,1037.3,0.12115
5456651,Kepler-239 c,56.2279271,132.29259,3.57,CONFIRMED,862.7,0.14875
5481416,,2.384052875,171.58362,3.0918,FALSE POSITIVE,1268.1,0.128825
5531576,Kepler-240 c,7.953547,174.66224,2.6312,CONFIRMED,875.4,0.10963333333333335
5531576,Kepler-240 b,4.14451656,135.92831,2.3421,CONFIRMED,391.8,0.0975875
5534814,,4.859386384,173.011469,2.2757,FALSE POSITIVE,6044.3,0.09482083333333334
6291653,Kepler-702 b,10.526294577,176.522462,2.5211,CONFIRMED,9768.0,0.10504583333333334
6392727,Kepler-703 b,4.583520948,169.973972,2.7055,CONFIRMED,3812.1,0.11272916666666666
6422070,Kepler-704 b,3.76181843,171.90364,3.5176,CONFIRMED,510.6,0.14656666666666665
6428700,Kepler-242 b,8.20396958,169.69138,2.9667,CONFIRMED,1024.4,0.1236125
6428700,Kepler-242 c,14.49645186,143.41659,4.016,CONFIRMED,647.5,0.16733333333333333
5792202,Kepler-27 d,6.54626149,133.85964,2.75,CONFIRMED,655.9,0.11458333333333333
5794379,Kepler-241 b,12.71809866,175.35526,3.0957,CONFIRMED,1149.4,0.1289875
5794379,Kepler-241 c,36.06588163,198.58423,4.3246,CONFIRMED,1563.8,0.18019166666666667
5881688,Kepler-696 b,4.190425659,171.44122,2.8589,CONFIRMED,2877.4,0.11912083333333334
6022556,Kepler-697 b,3.709870784,171.987982,3.0694,CONFIRMED,2020.3,0.12789166666666665
6032497,Kepler-698 b,16.3297527,177.29506,6.271,CONFIRMED,1187.5,0.26129166666666664
6061119,Kepler-699 b,27.807566216,186.713552,4.21587,CONFIRMED,25391.1,0.17566125
6191521,Kepler-700 b,80.8723469,203.895,11.195,CONFIRMED,3604.6,0.46645833333333336
6267425,,3.166465862,172.002627,2.9381,FALSE POSITIVE,4357.2,0.12242083333333333
3531558,Kepler-467 b,24.99324319,138.68167,5.9409,CONFIRMED,269.6,0.2475375
6276477,Kepler-701 b,10.35533116,170.93729,3.1775,CONFIRMED,750.6,0.13239583333333335
6863998,Kepler-709 b,16.08518937,180.28319,3.984,CONFIRMED,1442.4,0.166
6867155,,235.9986399,208.399822,8.2284,CANDIDATE,20714.6,0.34285000000000004
6948054,Kepler-245 b,7.49018305,174.95037,2.7297,CONFIRMED,1123.6,0.11373749999999999
6948054,Kepler-245 d,36.2761238,201.2869,4.7865,CONFIRMED,1572.6,0.19943750000000002
6948054,Kepler-245 c,17.46087931,137.26594,2.2641,CONFIRMED,812.4,0.0943375
6435936,Kepler-705 b,56.0560754,201.16578,4.685,CONFIRMED,1626.0,0.19520833333333332
6522242,Kepler-706 b,41.408316686,195.78745,5.0264,CONFIRMED,22838.9,0.20943333333333333
6526710,,39.74893077,172.854644,7.3051,CANDIDATE,15178.9,0.3043791666666667
6587280,Kepler-243 b,5.715425977,174.87931,2.5242,CONFIRMED,908.1,0.105175
9471974,Kepler-108 b,49.18394185,141.911924,11.3364,CONFIRMED,1646.2,0.47235
6587280,Kepler-243 c,20.0261412,146.91109,1.611,CONFIRMED,421.2,0.067125
6599919,,13.61014819,173.987319,2.594,CANDIDATE,5732.9,0.10808333333333332
6675056,,10.44331991,175.4046,2.743,FALSE POSITIVE,1159.8,0.11429166666666667
6685526,Kepler-707 b,2.237489571,170.81914,1.8119,CONFIRMED,315.8,0.07549583333333333
6756669,,5.851520671,173.8228336,3.11058,FALSE POSITIVE,33003.6,0.12960750000000001
6784235,Kepler-708 b,3.167893418,172.147959,2.1814,CONFIRMED,781.2,0.09089166666666666
6849310,Kepler-244 b,4.311780262,173.576483,2.7251,CONFIRMED,1154.0,0.11354583333333333
6849310,Kepler-244 d,20.0504494,188.08821,4.556,CONFIRMED,840.9,0.18983333333333333
6849310,Kepler-244 c,9.76734503,186.57718,1.6585,CONFIRMED,569.1,0.06910416666666667
6862328,,119.0207044,222.236492,8.1405,CANDIDATE,7430.5,0.3391875
9471974,Kepler-108 c,190.3200468,312.68498,15.284,CONFIRMED,1141.7,0.6368333333333334
6862603,,2.861159894,171.648106,1.8832,FALSE POSITIVE,1014.3,0.07846666666666667
7366258,Kepler-82 b,26.44439337,194.12074,3.9783,CONFIRMED,1843.5,0.1657625
7366258,Kepler-82 c,51.53997972,174.055011,6.3994,CONFIRMED,3644.3,0.26664166666666667
7366258,Kepler-82 e,5.902245782,136.78393,2.9003,CONFIRMED,702.3,0.12084583333333333
7366258,Kepler-82 d,2.382951591,135.080841,1.8876,CONFIRMED,391.6,0.07865
7373451,Kepler-712 b,21.02250608,207.67593,4.1072,CONFIRMED,1772.5,0.17113333333333333
6948054,Kepler-245 e,3.219814777,133.00406,2.0642,CONFIRMED,488.2,0.08600833333333334
6949607,Kepler-28 b,5.912273234,172.184012,2.3254,CONFIRMED,961.4,0.09689166666666667
6949607,Kepler-28 c,8.98581901,175.68418,2.8606,CONFIRMED,881.3,0.11919166666666665
7031517,,12.940668656,179.423014,2.4845,CANDIDATE,42450.0,0.10352083333333334
11869052,,20.5452375,137.91394,2.517,FALSE POSITIVE,218.5,0.104875
7109675,Kepler-46 b,33.60123371,186.680343,4.4056,CONFIRMED,7425.9,0.18356666666666666
7109675,Kepler-46 d,6.76652928,138.0637,2.9004,CONFIRMED,450.7,0.12085
7118364,Kepler-710 b,4.347288783,172.23343,2.1024,CONFIRMED,451.6,0.0876
7134976,Kepler-246 b,4.601811819,169.98108,2.2607,CONFIRMED,755.9,0.09419583333333333
7134976,Kepler-246 c,11.18719905,137.17814,3.252,CONFIRMED,353.6,0.13549999999999998
7135852,Kepler-1729 b,4.220965778,170.622433,3.0854,CONFIRMED,2260.0,0.12855833333333333
7270230,,6.998099523,171.898913,2.0488,FALSE POSITIVE,20285.0,0.08536666666666666
7287995,Kepler-81 b,5.95489993,170.955871,2.3892,CONFIRMED,1410.7,0.09955000000000001
7287995,Kepler-81 c,12.03987488,181.22536,2.7363,CONFIRMED,1250.6,0.1140125
7287995,Kepler-81 d,20.83762895,132.08488,2.3734,CONFIRMED,439.0,0.09889166666666667
3247396,,8.8111022,136.4568,5.0683,FALSE POSITIVE,401.1,0.21117916666666667
7303253,Kepler-711 b,23.58917143,173.81994,5.073,CONFIRMED,1200.7,0.211375
5094751,Kepler-109 b,6.481633073,122.977657,3.784,CONFIRMED,298.5,0.15766666666666665
7678434,Kepler-716 b,10.37168928,172.61729,3.035,CONFIRMED,1254.9,0.12645833333333334
7678434,Kepler-716 c,3.96996298,137.75447,1.1757,CONFIRMED,299.2,0.048987499999999996
7685981,Kepler-717 b,4.40841331,172.18582,5.012,CONFIRMED,549.4,0.20883333333333332
7708215,,7.9426176,174.52563,6.703,FALSE POSITIVE,1590.7,0.27929166666666666
7373451,Kepler-712 c,226.8904775,207.35971,7.558,CONFIRMED,3136.4,0.3149166666666667
7377033,,1.956811408,170.694208,2.1958,FALSE POSITIVE,24905.0,0.09149166666666668
7380537,,2.688899233,170.1020904,2.11275,CANDIDATE,37491.6,0.08803125
7434875,Kepler-247 c,9.439459486,177.186096,2.8979,CONFIRMED,3036.1,0.12074583333333333
8349582,Kepler-95 b,11.523067458,131.969055,3.8757,CONFIRMED,507.3,0.1614875
7434875,Kepler-247 d,20.47748843,178.66786,2.8364,CONFIRMED,1382.4,0.11818333333333332
7434875,Kepler-247 b,3.336123113,135.31623,1.9616,CONFIRMED,516.3,0.08173333333333334
7455287,Kepler-54 b,8.01078456,170.20739,2.312,CONFIRMED,1333.6,0.09633333333333333
7455287,Kepler-54 c,12.07134205,143.45948,4.3224,CONFIRMED,759.2,0.1801
7455287,Kepler-54 d,20.99587872,152.31554,2.6333,CONFIRMED,767.3,0.10972083333333334
7458762,Kepler-713 b,7.41113177,175.34754,2.5242,CONFIRMED,620.5,0.105175
7552344,,1.000747038,169.974229,0.9967,FALSE POSITIVE,1823.5,0.041529166666666666
757450,Kepler-75 b,8.884922995,169.991686,2.07004,CONFIRMED,16053.4,0.08625166666666667
7585481,Kepler-714 b,8.09888906,176.623731,4.20241,CONFIRMED,6911.1,0.17510041666666668
7663691,Kepler-715 b,10.00653012,176.96898,5.344,CONFIRMED,936.1,0.22266666666666668
5812701,Kepler-448 b,17.855221681,146.596466,7.41287,CONFIRMED,9065.2,0.3088695833333333
8013419,,12.732624065,176.939054,2.2083,CANDIDATE,6465.7,0.0920125
8018547,,83.92494032,236.76334,6.7904,CANDIDATE,7958.7,0.2829333333333333
8039892,Kepler-719 b,5.007316661,173.433997,4.2362,CONFIRMED,6932.3,0.17650833333333335
8150320,Kepler-55 d,2.211116989,170.150139,1.6485,CONFIRMED,724.2,0.0686875
8150320,Kepler-55 b,27.9541337,178.73791,3.95,CONFIRMED,942.5,0.16458333333333333
11086270,Kepler-110 b,12.69104387,137.12594,3.7727,CONFIRMED,252.1,0.15719583333333334
7767559,,4.409409243,171.89433,3.8636,FALSE POSITIVE,12861.0,0.16098333333333334
7825899,Kepler-248 c,16.23947096,175.569907,4.0374,CONFIRMED,2590.7,0.16822499999999999
7825899,Kepler-248 b,6.308201629,174.047661,2.9785,CONFIRMED,1328.5,0.12410416666666667
7849854,Kepler-718 b,2.052349884,169.890622,2.0778,CONFIRMED,14280.6,0.086575
7870390,Kepler-83 b,9.7704486,175.71372,2.4517,CONFIRMED,1897.8,0.10215416666666667
7870390,Kepler-83 d,5.169804269,172.63153,2.153,CONFIRMED,1037.4,0.08970833333333333
5094751,Kepler-109 c,21.22261195,137.57403,6.5093,CONFIRMED,366.0,0.2712208333333333
7870390,Kepler-83 c,20.09017037,147.97788,4.154,CONFIRMED,1432.1,0.17308333333333334
7907423,Kepler-249 c,7.11373257,174.32351,2.1764,CONFIRMED,807.6,0.09068333333333334
7907423,Kepler-249 b,3.306551643,134.37211,1.8177,CONFIRMED,509.2,0.0757375
7907423,Kepler-249 d,15.36845737,147.38965,2.4714,CONFIRMED,756.1,0.102975
7938496,Kepler-1730 b,13.81020318,172.33533,3.048,CONFIRMED,1309.7,0.127
8490993,Kepler-722 b,4.093578461,171.00954,2.5833,CONFIRMED,538.6,0.1076375
8490993,Kepler-722 c,105.145959,178.367,8.593,CONFIRMED,685.4,0.35804166666666665
8505670,Kepler-252 c,10.8484518,171.80584,2.9993,CONFIRMED,1675.6,0.12497083333333332
8505670,Kepler-252 b,6.66833241,137.43988,1.915,CONFIRMED,362.3,0.07979166666666666
8544996,Kepler-723 b,4.082274889,169.6375652,3.23015,CONFIRMED,17859.2,0.13458958333333335
8552202,,3.886655224,169.73814,3.1646,CANDIDATE,581.6,0.13185833333333333
8150320,Kepler-55 c,42.1406089,139.0604,5.083,CONFIRMED,895.5,0.21179166666666668
8150320,Kepler-55 e,4.617490562,135.04909,2.2618,CONFIRMED,575.8,0.09424166666666667
8150320,Kepler-55 f,10.19849255,137.92067,2.4283,CONFIRMED,634.1,0.10117916666666667
8180063,,5.795063956,172.697467,3.2496,FALSE POSITIVE,1692.9,0.1354
8226994,Kepler-250 c,7.15681552,174.13511,2.5882,CONFIRMED,867.0,0.10784166666666667
8226994,Kepler-250 d,17.64830851,133.54533,2.0873,CONFIRMED,763.3,0.08697083333333333
8226994,Kepler-250 b,4.14810719,133.3881,2.535,CONFIRMED,175.2,0.10562500000000001
8247638,Kepler-251 c,16.51410989,176.11686,4.1575,CONFIRMED,973.5,0.17322916666666666
8247638,Kepler-251 d,30.1329298,190.38336,5.172,CONFIRMED,1015.8,0.2155
8247638,Kepler-251 b,4.79090809,136.31106,2.603,CONFIRMED,251.3,0.10845833333333334
11086270,Kepler-110 c,31.71981013,142.82083,4.819,CONFIRMED,363.4,0.20079166666666667
8247638,Kepler-251 e,99.6415962,198.68664,4.448,CONFIRMED,952.5,0.18533333333333335
8255887,Kepler-720 b,4.708326451,171.446507,3.16114,CONFIRMED,7912.7,0.13171416666666666
8256049,,16.37198661,172.75926,3.8449,FALSE POSITIVE,4147.6,0.16020416666666668
8414716,Kepler-721 b,5.392026903,171.72707,2.9804,CONFIRMED,1151.4,0.12418333333333333
9140402,,2.494170338,170.852848,1.1221,CANDIDATE,863.7,0.04675416666666667
9141746,Kepler-730 b,6.491682808,174.633553,4.301,CONFIRMED,7163.3,0.17920833333333333
9159275,,3.044770796,172.01916,10.0134,FALSE POSITIVE,1695.0,0.417225
9166862,Kepler-731 b,3.855603916,170.6787843,3.2179,CONFIRMED,16652.7,0.13407916666666667
9166870,,3.855599139,170.67957,3.183,FALSE POSITIVE,1030.9,0.132625
11449844,Kepler-468 b,38.47876629,151.852812,5.04169,CONFIRMED,23530.0,0.21007041666666668
8605074,,37.601661282,194.713383,8.30604,FALSE POSITIVE,59130.1,0.346085
8628973,Kepler-724 b,3.314947362,171.313058,1.8007,CONFIRMED,1398.2,0.07502916666666666
8655354,,6.71969089,173.35776,3.0231,FALSE POSITIVE,969.7,0.1259625
8672910,Kepler-725 b,39.6431552,206.596798,6.5292,CONFIRMED,15663.8,0.27205
8686150,,51.42598578,173.535933,16.9422,FALSE POSITIVE,66067.7,0.705925
8689031,Kepler-726 b,21.80451611,190.49737,3.4097,CONFIRMED,1144.9,0.14207083333333334
8689373,Kepler-253 c,10.28194593,175.33988,3.4366,CONFIRMED,1110.7,0.14319166666666666
8689373,Kepler-253 d,18.11993039,182.61535,4.2309,CONFIRMED,1506.9,0.1762875
8689373,Kepler-253 b,3.78402867,133.28133,1.9012,CONFIRMED,426.1,0.07921666666666667
8826878,Kepler-727 b,5.15448142,171.6389,3.228,CONFIRMED,697.5,0.1345
5897826,Kepler-469 b,33.80364366,202.259731,11.4813,FALSE POSITIVE,13494.4,0.47838749999999997
8883593,Kepler-728 b,5.743469797,174.898924,3.4412,CONFIRMED,1240.2,0.14338333333333333
8951215,,39.4759093,173.31207,2.968,CANDIDATE,1012.6,0.12366666666666666
9016295,,19.974485239,171.6300909,4.23479,FALSE POSITIVE,40293.1,0.17644958333333335
9077124,Kepler-729 b,3.166353562,170.966145,3.3129,CONFIRMED,1473.4,0.1380375
9097120,,23.899634407,188.982797,3.81881,FALSE POSITIVE,20953.1,0.15911708333333333
9466668,Kepler-256 c,3.388012244,170.5336,2.6849,CONFIRMED,280.1,0.11187083333333332
9466668,Kepler-256 d,5.83909761,132.09261,3.1915,CONFIRMED,273.6,0.13297916666666668
9466668,Kepler-256 b,1.620467654,132.06388,2.1888,CONFIRMED,159.6,0.0912
9466668,Kepler-256 e,10.6816951,131.55082,3.605,CONFIRMED,307.8,0.15020833333333333
9479273,Kepler-734 b,6.104849417,169.573477,4.6912,CONFIRMED,2090.3,0.19546666666666668
8359498,Kepler-77 b,3.578780566,134.0304187,2.91089,CONFIRMED,11382.2,0.12128708333333334
9171801,,3.187067566,171.64976,3.119,FALSE POSITIVE,1037.4,0.12995833333333334
9334289,Kepler-254 b,5.826657508,173.011411,2.9183,CONFIRMED,1539.1,0.12159583333333333
9334289,Kepler-254 c,12.41216347,142.54039,3.739,CONFIRMED,611.3,0.15579166666666666
9334289,Kepler-254 d,18.74649011,147.13074,3.895,CONFIRMED,796.8,0.16229166666666667
9347899,Kepler-31 b,20.86021229,180.017757,5.1937,CONFIRMED,1910.5,0.21640416666666665
9347899,Kepler-31 c,42.63427848,141.16954,6.1998,CONFIRMED,1719.3,0.25832499999999997
9347899,Kepler-31 d,87.6476068,134.94222,8.871,CONFIRMED,1009.6,0.36962500000000004
9347899,,9.61731426,142.47479,3.8692,CANDIDATE,234.0,0.16121666666666667
9388479,Kepler-732 b,9.467821474,178.415842,2.4327,CONFIRMED,2237.0,0.10136250000000001
9388479,Kepler-732 c,0.893040969,134.540342,1.0981,CONFIRMED,741.7,0.04575416666666667
11359879,Kepler-15 b,4.942783419,136.3294353,3.25346,CONFIRMED,11144.7,0.13556083333333332
9406990,Kepler-733 b,20.83426731,176.58569,4.0454,CONFIRMED,988.4,0.16855833333333334
9415172,Kepler-255 c,9.94602357,171.70192,3.3862,CONFIRMED,994.5,0.14109166666666667
9415172,Kepler-255 d,1.04562195,133.91912,1.8955,CONFIRMED,213.0,0.07897916666666667
9415172,Kepler-255 b,5.71462396,132.63866,2.336,CONFIRMED,297.8,0.09733333333333333
9904059,,102.9641952,158.07473,15.735,FALSE POSITIVE,1896.7,0.655625
3231341,Kepler-24 b,8.14515981,140.56811,5.073,CONFIRMED,446.8,0.211375
3231341,Kepler-24 e,18.9985279,144.74157,4.529,CONFIRMED,430.7,0.18870833333333334
3231341,Kepler-24 d,4.24439049,137.06643,3.282,CONFIRMED,174.0,0.13675
2860866,,90.1240507,356.23415,11.649,CANDIDATE,3020.3,0.48537499999999995
7626506,Kepler-112 c,28.5742692,143.8315,4.9427,CONFIRMED,824.9,0.20594583333333336
10460629,,856.672115,228.44988,23.144,CANDIDATE,858.1,0.9643333333333333
10319385,,0.689210173,133.28584,1.6169,CANDIDATE,195.0,0.06737083333333334
10482160,Kepler-1739 b,7.34373964,137.29874,1.1784,CONFIRMED,574.4,0.0491
10485069,,0.445277068,133.52312,3.539,FALSE POSITIVE,186.7,0.14745833333333333
3233043,,0.379463865,170.2480164,0.86896,FALSE POSITIVE,1973.3,0.036206666666666665
6579806,,9.88047978,173.608672,2.78458,FALSE POSITIVE,18541.0,0.11602416666666666
3560301,,4.6484156,261.09395,38.1939,FALSE POSITIVE,128.4,1.5914125
4044005,,17.512014768,174.282592,1.8248,FALSE POSITIVE,4511.7,0.07603333333333333
11502218,,3.9886021,171.01852,1.7376,CANDIDATE,673.5,0.0724
11180361,,0.533059312,171.2274419,1.8621,CANDIDATE,1495.8,0.0775875
5802246,,0.525154153,133.744359,2.1441,FALSE POSITIVE,747.5,0.0893375
6066403,,1.303861044,134.212059,4.0541,FALSE POSITIVE,598.2,0.16892083333333333
6209637,,0.73452496,133.43108,6.7,FALSE POSITIVE,,0.2791666666666667
5988031,,2.55549176,134.50078,9.083,FALSE POSITIVE,113.8,0.37845833333333334
7684873,,2.947376671,171.522978,2.0911,FALSE POSITIVE,433.2,0.08712916666666666
8559644,Kepler-111 c,224.7789355,142.095338,11.1899,CONFIRMED,3487.5,0.4662458333333333
2851100,,0.890110752,133.2647,0.8774,FALSE POSITIVE,321.5,0.03655833333333333
3130300,,5.76573396,133.30941,2.924,FALSE POSITIVE,248.0,0.12183333333333334
3240158,Kepler-769 b,7.42608123,139.90039,3.6379,CONFIRMED,443.3,0.15157916666666668
3240158,Kepler-769 c,15.9868932,137.5964,4.158,CONFIRMED,178.5,0.17325000000000002
3228959,,0.73094589,133.68876,4.32,FALSE POSITIVE,250.2,0.18000000000000002
3218908,Kepler-770 b,18.92537246,149.49558,3.9835,CONFIRMED,640.9,0.16597916666666665
10341913,,0.933749106,134.31831,4.256,FALSE POSITIVE,186.2,0.17733333333333334
10480921,,2.037440623,133.59962,3.442,FALSE POSITIVE,118.6,0.14341666666666666
10287723,,129995.7784,393.59962,9.408,CANDIDATE,1474.9,0.39199999999999996
10350571,Kepler-784 b,31.5925809,142.9649,13.566,CONFIRMED,145.1,0.56525
10350571,Kepler-784 c,17.157236,133.68951,11.284,CONFIRMED,110.4,0.4701666666666667
3749365,Kepler-785 b,1.97376085,178.6894194,1.82542,CONFIRMED,30222.4,0.07605916666666666
11013201,,13.118962443,261.539434,4.3045,CANDIDATE,372.2,0.17935416666666668
11673674,,4.618767792,133.386535,5.9957,FALSE POSITIVE,4399.1,0.24982083333333335
11013201,,7.82187328,123.49907,3.8417,CANDIDATE,42.2,0.16007083333333333
9414417,,53.5057611,172.98304,10.5616,CANDIDATE,195.6,0.44006666666666666
3632418,Kepler-21 b,2.785821236,260.83731,3.5599,CONFIRMED,68.9,0.14832916666666665
3441784,,52.56901867,184.971267,6.7507,FALSE POSITIVE,26900.0,0.2812791666666667
5820218,,3.411758679,133.18086,3.158,FALSE POSITIVE,570.6,0.13158333333333333
5876368,,0.525426427,133.187901,1.0801,FALSE POSITIVE,324.6,0.04500416666666667
5809890,Kepler-755 b,1.269091415,133.343682,1.4647,CONFIRMED,340.9,0.06102916666666666
5809890,Kepler-755 c,2.853133997,133.79678,1.465,CONFIRMED,277.1,0.06104166666666667
6131236,Kepler-1734 b,6.79685353,138.11324,3.1702,CONFIRMED,393.1,0.13209166666666666
9048161,,8.667822346,137.341841,4.9658,FALSE POSITIVE,2121.9,0.20690833333333333
3218908,Kepler-770 c,1.475323222,131.83272,2.3155,CONFIRMED,154.9,0.09647916666666667
3218908,Kepler-770 d,4.15246118,134.57991,2.5755,CONFIRMED,223.4,0.10731249999999999
3235672,,6.7210783,134.7775984,7.46,FALSE POSITIVE,,0.31083333333333335
2837111,Kepler-771 b,8.7348852,135.0818,4.49,CONFIRMED,270.7,0.18708333333333335
3120276,,10.26547688,136.49663,3.733,FALSE POSITIVE,399.6,0.15554166666666666
2307199,,13.4471791,132.830555,3.0454,CANDIDATE,1428.2,0.12689166666666665
3547091,,3.305577989,180.68154,2.5903,FALSE POSITIVE,17971.0,0.10792916666666667
3869825,,4.800653901,134.365782,9.0419,FALSE POSITIVE,15304.4,0.37674583333333334
3655332,,15.06649901,140.654788,5.9885,FALSE POSITIVE,36348.0,0.24952083333333333
4042026,,34.82008158,163.015559,11.1711,FALSE POSITIVE,18847.8,0.46546249999999995
3344419,,0.651784374,133.111707,2.0141,FALSE POSITIVE,2779.3,0.08392083333333333
11192141,,1.353771892,261.43662,7.012,FALSE POSITIVE,1349.1,0.29216666666666663
11494130,,18.95491633,262.46677,24.249,FALSE POSITIVE,867.5,1.010375
5648449,,4.348866254,262.72768,3.2797,FALSE POSITIVE,625.6,0.13665416666666666
12167361,,47.93094546,179.096467,2.6897,FALSE POSITIVE,2144.4,0.11207083333333334
8607720,,3.99751422,261.7243,3.686,FALSE POSITIVE,32.8,0.15358333333333332
1433962,,1.592633181,133.9243804,5.5605,FALSE POSITIVE,633.1,0.23168750000000002
9032900,,67.5923754,151.75056,12.249,CONFIRMED,4158.1,0.510375
5956342,Kepler-265 c,17.02902786,143.33395,4.645,CONFIRMED,568.9,0.19354166666666664
5956342,Kepler-265 b,6.84619236,132.17265,3.529,CONFIRMED,246.8,0.14704166666666665
5956342,Kepler-265 e,67.8321638,125.881,7.358,CONFIRMED,507.8,0.3065833333333333
5956342,Kepler-265 d,43.1312147,166.26105,3.198,CONFIRMED,447.8,0.13325
5956656,Kepler-756 b,1.224866441,133.20824,1.7086,CONFIRMED,196.0,0.07119166666666667
3109930,Kepler-1736 b,37.8102649,158.35799,8.733,CONFIRMED,570.3,0.363875
2854914,Kepler-268 b,25.93406406,149.76273,4.6142,CONFIRMED,414.5,0.19225833333333334
2854914,Kepler-268 c,83.4463485,158.68061,6.536,CONFIRMED,503.0,0.2723333333333333
3337425,,7.04710032,139.79737,2.926,FALSE POSITIVE,400.9,0.12191666666666667
3116412,Kepler-772 b,12.99204853,136.32016,6.0175,CONFIRMED,270.6,0.25072916666666667
3865567,,11.11620211,133.100575,4.211,FALSE POSITIVE,4843.9,0.17545833333333336
3544689,,1.922861499,134.658644,3.5734,FALSE POSITIVE,1916.2,0.14889166666666667
4037164,,0.635445336,134.184037,1.8592,FALSE POSITIVE,2547.4,0.07746666666666667
3443790,,1.665784138,133.863028,1.8946,FALSE POSITIVE,2006.2,0.07894166666666667
3966912,,55.6639167,156.35017,23.546,FALSE POSITIVE,3414.4,0.9810833333333333
8394721,Kepler-79 d,52.09081627,158.744665,8.6388,CONFIRMED,2894.1,0.35995
11607193,,7.1548608,266.04847,7.694,FALSE POSITIVE,780.4,0.32058333333333333
1161345,Kepler-1973 b,4.28746668,262.06245,1.5693,CONFIRMED,790.1,0.0653875
10227501,,2.002779769,261.95791,2.231,FALSE POSITIVE,260.5,0.09295833333333332
2854698,Kepler-260 b,8.18739443,260.86931,3.0472,CONFIRMED,517.6,0.12696666666666667
2854698,Kepler-260 c,76.0498163,161.71445,7.158,CONFIRMED,445.9,0.29825
8559644,Kepler-111 b,3.341799486,141.35472,2.9254,CONFIRMED,178.2,0.12189166666666666
6032981,,3.3226948,134.444,3.568,FALSE POSITIVE,78.7,0.14866666666666667
5866099,,36.97708808,133.62681,4.737,FALSE POSITIVE,1269.9,0.197375
5964985,,1.851409163,133.17995,10.232,FALSE POSITIVE,232.5,0.4263333333333333
6066416,,1.303859704,134.21201,2.8239,FALSE POSITIVE,36.7,0.1176625
1996679,,145.5624926,146.0588,5.4126,FALSE POSITIVE,2931.6,0.225525
2849805,Kepler-773 b,3.749105745,135.10837,1.9826,CONFIRMED,182.6,0.08260833333333333
3114811,Kepler-774 b,11.08956602,141.76142,6.2877,CONFIRMED,148.1,0.2619875
2853446,,7.37290344,137.60991,2.172,CANDIDATE,205.2,0.09050000000000001
3003992,,7.24476126,139.10497,2.3145,FALSE POSITIVE,58.0,0.0964375
3942446,,119.0624882,149.22223,3.1188,CANDIDATE,5372.3,0.12994999999999998
3554031,Kepler-415 c,8.70798309,363.05638,2.4904,CONFIRMED,1419.6,0.10376666666666667
3554031,,14.8623076,354.57297,3.161,CANDIDATE,840.0,0.13170833333333334
3554031,Kepler-415 b,4.17634276,352.99674,2.335,CONFIRMED,531.5,0.09729166666666667
8394721,Kepler-79 c,27.40229859,133.6284,6.8491,CONFIRMED,747.5,0.2853791666666667
7295235,Kepler-743 b,3.179267286,261.841607,1.0246,CONFIRMED,200.9,0.04269166666666666
2302548,Kepler-261 b,10.38122447,268.02421,2.715,CONFIRMED,801.5,0.11312499999999999
2302548,Kepler-261 c,24.5709023,135.87209,3.587,CONFIRMED,764.2,0.14945833333333333
10743597,,81.221876,184.26164,4.1135,FALSE POSITIVE,9883.0,0.17139583333333333
10743597,,0.817026268,132.835239,2.0799,FALSE POSITIVE,1145.5,0.08666249999999999
9818381,Kepler-43 b,3.024092505,132.4168573,2.8021,CONFIRMED,7765.0,0.11675416666666666
6124941,,5.670155713,136.201739,0.9361,FALSE POSITIVE,536.7,0.039004166666666666
6060203,Kepler-757 b,1.022678654,133.45422,1.3712,CONFIRMED,129.2,0.057133333333333335
5880320,Kepler-758 b,12.10968709,140.21258,6.3461,CONFIRMED,284.7,0.2644208333333333
5880320,Kepler-758 c,4.75796103,137.69636,4.66,CONFIRMED,124.5,0.19416666666666668
5880320,Kepler-758 d,20.4972755,147.43894,8.536,CONFIRMED,242.9,0.35566666666666663
3003992,,13.55480534,139.81609,2.288,FALSE POSITIVE,48.3,0.09533333333333333
6307537,,29.74454668,172.386652,23.2842,FALSE POSITIVE,66894.0,0.9701749999999999
6359798,,14.15402428,140.698466,4.47001,FALSE POSITIVE,61625.1,0.18625041666666667
6311681,,0.844786082,134.216987,3.5289,FALSE POSITIVE,2468.5,0.14703750000000002
6365321,,0.848483947,133.585301,1.4451,FALSE POSITIVE,1907.4,0.0602125
6301035,,11.99097576,143.28437,5.7401,FALSE POSITIVE,2124.3,0.23917083333333333
3859079,Kepler-786 b,53.5292702,147.86464,5.668,CONFIRMED,1086.1,0.23616666666666666
3557493,,0.393726813,133.310396,2.95,FALSE POSITIVE,564.6,0.12291666666666667
4061149,Kepler-1741 b,2.757584622,133.05017,0.9267,CONFIRMED,563.1,0.0386125
3444588,Kepler-787 b,0.928310036,133.80358,1.1899,CONFIRMED,376.2,0.04957916666666667
8394721,Kepler-79 b,13.48457668,136.61808,5.0197,CONFIRMED,653.5,0.20915416666666667
3962243,Kepler-276 c,31.8841473,160.20696,6.122,CONFIRMED,910.0,0.25508333333333333
10743597,,16.15811112,143.00233,6.049,CANDIDATE,2319.8,0.25204166666666666
10015516,,67.69213907,138.534171,51.349,FALSE POSITIVE,25457.2,2.1395416666666667
10154388,Kepler-744 b,12.06222962,138.22229,2.0584,CONFIRMED,300.2,0.08576666666666666
1432789,Kepler-745 b,9.93146307,136.49128,5.678,CONFIRMED,398.6,0.23658333333333334
1718189,Kepler-262 c,21.85362905,144.32031,3.439,CONFIRMED,355.6,0.14329166666666668
5880320,Kepler-758 e,8.19345065,138.99617,5.234,CONFIRMED,115.4,0.21808333333333332
5130369,,19.97867,137.17061,10.168,FALSE POSITIVE,944.3,0.42366666666666664
6037187,Kepler-759 b,41.8059544,142.81919,6.057,CONFIRMED,434.4,0.252375
6147122,,15.45158184,142.21096,2.406,FALSE POSITIVE,85.3,0.10025
8257407,,89.698168533,176.3060152,5.5418,FALSE POSITIVE,273106.0,0.23090833333333335
8218274,,1.187352427,133.465454,4.999,FALSE POSITIVE,20703.0,0.20829166666666665
3964562,,3.012476582,135.259271,3.1424,FALSE POSITIVE,1138.5,0.13093333333333332
5735762,Kepler-48 b,4.77800306,124.061465,2.7361,CONFIRMED,473.0,0.11400416666666667
6292162,,7.814839231,357.519981,3.0122,FALSE POSITIVE,2010.3,0.12550833333333333
6307521,,29.7452499,157.38519,22.695,FALSE POSITIVE,778.9,0.945625
6359320,Kepler-269 b,5.32667299,357.12617,3.4045,CONFIRMED,611.4,0.14185416666666667
3848972,,0.741057213,131.947273,1.05299,FALSE POSITIVE,1996.3,0.043874583333333335
3860441,,2.988085455,133.27252,3.68,FALSE POSITIVE,802.8,0.15333333333333335
3765771,,2.783883492,133.227846,2.4546,FALSE POSITIVE,903.9,0.102275
3557341,,0.393727296,178.587454,3.02,FALSE POSITIVE,903.5,0.12583333333333332
3859628,Kepler-1740 b,8.17242644,361.20157,3.902,CONFIRMED,864.3,0.16258333333333333
3644071,,1295.362215,176.10646,28.297,CANDIDATE,8708.0,1.1790416666666668
1718189,Kepler-262 b,13.0607936,137.63148,3.215,CONFIRMED,236.6,0.13395833333333332
1431122,,4.2989201,132.86187,2.747,CANDIDATE,237.6,0.11445833333333333
3858949,,25.9518461,154.88212,14.581,FALSE POSITIVE,1058.5,0.6075416666666666
3858824,,25.9518536,154.88278,14.755,FALSE POSITIVE,2017.9,0.6147916666666667
2157247,,5.68628739,135.89269,17.573,FALSE POSITIVE,5559.7,0.7322083333333333
7601633,,15.663886949,147.395712,2.4775,FALSE POSITIVE,5144.4,0.10322916666666666
8242681,,4.020628573,133.638478,4.4085,FALSE POSITIVE,20901.0,0.1836875
8260218,,5.714817603,355.00831,3.14126,CANDIDATE,12294.8,0.13088583333333334
8246781,,185.02288222,273.185533,4.87326,FALSE POSITIVE,43546.7,0.2030525
8264070,,2.897432135,450.75739,3.1793,FALSE POSITIVE,1223.7,0.13247083333333334
8222813,Kepler-760 b,8.70420525,357.55941,2.9385,CONFIRMED,1074.9,0.12243749999999999
6359320,Kepler-269 c,8.1280933,358.68367,3.727,CONFIRMED,224.1,0.15529166666666666
6359320,,2.83668931,353.81531,3.031,CANDIDATE,166.1,0.12629166666666666
6362874,Kepler-775 b,0.974868896,133.076265,1.6191,CONFIRMED,197.6,0.0674625
6272413,Kepler-776 b,4.89721006,133.39852,1.812,CONFIRMED,274.4,0.0755
8279765,,2.757794163,135.232863,2.7644,FALSE POSITIVE,39043.0,0.11518333333333335
8330548,,1.914158508,134.644919,3.2917,FALSE POSITIVE,7829.2,0.13715416666666666
3348082,,3.98216698,135.52749,2.396,FALSE POSITIVE,381.3,0.09983333333333333
3853673,,0.643794198,133.984483,1.5662,FALSE POSITIVE,456.7,0.06525833333333333
3447722,Kepler-275 c,16.08832318,139.49184,5.731,CONFIRMED,597.8,0.23879166666666665
3447722,Kepler-275 b,10.30067919,142.74251,4.885,CONFIRMED,271.8,0.20354166666666665
3447722,Kepler-275 d,35.6757453,145.00717,7.381,CONFIRMED,471.2,0.30754166666666666
3447722,,1.00861677,132.109479,0.91,CANDIDATE,,0.03791666666666667
1432214,,161.78832712,214.039,5.31,FALSE POSITIVE,87750.0,0.22124999999999997
2165002,Kepler-263 b,16.56806842,146.15285,4.2647,CONFIRMED,1331.4,0.17769583333333336
2165002,Kepler-263 c,47.3329299,151.41614,2.708,CONFIRMED,931.5,0.11283333333333334
2441728,,0.856895349,133.67521,1.3078,FALSE POSITIVE,82.2,0.05449166666666667
1871056,Kepler-264 b,40.8065333,155.71586,13.135,CONFIRMED,313.9,0.5472916666666666
8222813,Kepler-760 c,2.46697039,354.93093,1.6345,CONFIRMED,308.7,0.06810416666666667
12105051,,2.624234833,132.304988,1.3874,CANDIDATE,2607.0,0.05780833333333333
8240904,Kepler-266 b,6.61836309,360.36694,3.6813,CONFIRMED,549.1,0.15338749999999998
8240904,Kepler-266 c,107.7214092,354.19522,8.042,CONFIRMED,1396.2,0.33508333333333334
8240904,,92.77779,367.6112,6.64,CANDIDATE,359.0,0.27666666666666667
8374494,,5.251916208,357.321883,4.9095,FALSE POSITIVE,10624.3,0.2045625
5735762,Kepler-48 c,9.673958488,125.339418,3.2641,CONFIRMED,952.7,0.13600416666666668
8414907,,100.3039228,277.0607,8.702,FALSE POSITIVE,5450.0,0.3625833333333333
8414907,,200.61103346,456.84444,7.13,FALSE POSITIVE,,0.2970833333333333
8397446,,0.986620248,448.5959,3.9722,FALSE POSITIVE,1345.8,0.16550833333333334
8386035,,1.63484631,134.512115,6.11,FALSE POSITIVE,,0.25458333333333333
3962243,Kepler-276 b,14.12847677,142.8971,3.685,CONFIRMED,628.7,0.15354166666666666
3962243,Kepler-276 d,48.6478543,172.1271,5.464,CONFIRMED,641.8,0.22766666666666668
3438507,Kepler-788 b,8.39842977,136.31152,6.344,CONFIRMED,340.1,0.26433333333333336
3869014,Kepler-789 b,8.63847391,139.94684,5.4566,CONFIRMED,395.9,0.22735833333333333
